Name,TicketNumber,FlightNumber,Destination,DepartureTime,ImagePath,LastSeenZone
Aarav Sharma,TKT10001,AI101,Delhi,2025-08-21 06:30,images/Aarav_Sharma.jpg,
Emily Johnson,TKT10002,BA204,London,2025-08-21 07:15,images/Emily_Johnson.jpg,
Rohan Patil,TKT10003,6E315,Mumbai,2025-08-21 08:05,images/Rohan_Patil.jpg,
Sophia Brown,TKT10004,AI202,New York,2025-08-21 09:45,images/Sophia_Brown.jpg,
Daniel Kim,TKT10005,SQ409,Singapore,2025-08-21 10:20,images/Daniel_Kim.jpg,
Meera Iyer,TKT10006,UK502,Bangalore,2025-08-21 11:00,images/Meera_Iyer.jpg,
Arjun Desai,TKT10007,AI307,Chennai,2025-08-21 11:45,images/Arjun_Desai.jpg,
Olivia Garcia,TKT10008,EK521,Dubai,2025-08-21 12:30,images/Olivia_Garcia.jpg,
Karan Malhotra,TKT10009,AI412,Kolkata,2025-08-21 13:15,images/Karan_Malhotra.jpg,
Sophia Lee,TKT10010,CX711,Hong Kong,2025-08-21 14:00,images/Sophia_Lee.jpg,
Ishaan Verma,TKT10011,AI503,Pune,2025-08-21 14:45,images/Ishaan_Verma.jpg,
Mia Wilson,TKT10012,AA730,Chicago,2025-08-21 15:30,images/Mia_Wilson.jpg,
Rajesh Gupta,TKT10013,6E902,Hyderabad,2025-08-21 16:15,images/Rajesh_Gupta.jpg,
Isabella Davis,TKT10014,DL405,Atlanta,2025-08-21 17:00,images/Isabella_Davis.jpg,
Nikhil Joshi,TKT10015,AI807,Ahmedabad,2025-08-21 17:45,images/Nikhil_Joshi.jpg,
Emma Martinez,TKT10016,UA840,San Francisco,2025-08-21 18:30,images/Emma_Martinez.jpg,
Vikram Rao,TKT10017,AI909,Goa,2025-08-21 19:15,images/Vikram_Rao.jpg,
Ava Thompson,TKT10018,LH760,Frankfurt,2025-08-21 20:00,images/Ava_Thompson.jpg,
Ananya Kulkarni,TKT10019,6E110,Nagpur,2025-08-21 20:45,images/Ananya_Kulkarni.jpg,
James Anderson,TKT10020,QF502,Sydney,2025-08-21 21:30,images/James_Anderson.jpg,
Riya Nair,TKT10021,AI212,Cochin,2025-08-21 22:15,images/Riya_Nair.jpg,
Benjamin Clark,TKT10022,AC857,Toronto,2025-08-21 23:00,images/Benjamin_Clark.jpg,
Devansh Mehta,TKT10023,AI303,Jaipur,2025-08-21 23:45,images/Devansh_Mehta.jpg,
Charlotte Lewis,TKT10024,AF218,Paris,2025-08-22 00:30,images/Charlotte_Lewis.jpg,
Kabir Singh,TKT10025,AI512,Lucknow,2025-08-22 01:15,images/Kabir_Singh.jpg,
Amelia Walker,TKT10026,NH829,Tokyo,2025-08-22 02:00,images/Amelia_Walker.jpg,
Pranav Shetty,TKT10027,AI711,Mangalore,2025-08-22 02:45,images/Pranav_Shetty.jpg,
Ella Robinson,TKT10028,VS301,Manchester,2025-08-22 03:30,images/Ella_Robinson.jpg,
Siddharth Jain,TKT10029,AI612,Indore,2025-08-22 04:15,images/Siddharth_Jain.jpg,
Harper Young,TKT10030,NZ285,Auckland,2025-08-22 05:00,images/Harper_Young.jpg,
Aditya Bhatia,TKT10031,AI703,Patna,2025-08-22 05:45,images/Aditya_Bhatia.jpg,
Grace Hall,TKT10032,KL877,Amsterdam,2025-08-22 06:30,images/Grace_Hall.jpg,
Neha Kapoor,TKT10033,AI803,Varanasi,2025-08-22 07:15,images/Neha_Kapoor.jpg,
Lucas Scott,TKT10034,SN601,Brussels,2025-08-22 08:00,images/Lucas_Scott.jpg,
Arnav Reddy,TKT10035,AI504,Vishakhapatnam,2025-08-22 08:45,images/Arnav_Reddy.jpg,
Zoe Adams,TKT10036,IB331,Madrid,2025-08-22 09:30,images/Zoe_Adams.jpg,
Manav Pillai,TKT10037,AI604,Thiruvananthapuram,2025-08-22 10:15,images/Manav_Pillai.jpg,
Chloe Evans,TKT10038,AY121,Helsinki,2025-08-22 11:00,images/Chloe_Evans.jpg,
Raghav Choudhary,TKT10039,AI702,Bhopal,2025-08-22 11:45,images/Raghav_Choudhary.jpg,
Scarlett Moore,TKT10040,SAS303,Stockholm,2025-08-22 12:30,images/Scarlett_Moore.jpg,
Kunal Thakur,TKT10041,AI405,Surat,2025-08-22 13:15,images/Kunal_Thakur.jpg,
Victoria Perez,TKT10042,AZ770,Rome,2025-08-22 14:00,images/Victoria_Perez.jpg,
Yash Agarwal,TKT10043,AI901,Raipur,2025-08-22 14:45,images/Yash_Agarwal.jpg,
Ethan White,TKT10044,SK974,Copenhagen,2025-08-22 15:30,images/Ethan_White.jpg,
Ira Malviya,TKT10045,AI201,Udaipur,2025-08-22 16:15,images/Ira_Malviya.jpg,
Hannah King,TKT10046,AA100,Los Angeles,2025-08-22 17:00,images/Hannah_King.jpg,
Tanmay Kulshreshtha,TKT10047,AI808,Ranchi,2025-08-22 17:45,images/Tanmay_Kulshreshtha.jpg,
Liam Harris,TKT10048,EK501,Abu Dhabi,2025-08-22 18:30,images/Liam_Harris.jpg,
Saanvi Joshi,TKT10049,AI706,Guwahati,2025-08-22 19:15,images/Saanvi_Joshi.jpg,
Noah Martinez,TKT10050,DL102,Boston,2025-08-22 20:00,images/Noah_Martinez.jpg,
Shraddha Kadam,TKT89899,DL6878,mumbai,2025-08-22 23:00,passenger_images/Shraddha_Kadam.jpg,Zone A
Shreyash Kadam,TKT89898,DL6878,mumbai,2025-08-22 23:00,passenger_images/Shreyash_Kadam.jpg,Zone A
